month,model,median_ntd,sample_count,source_set,notes
2026-04,RTX 5090,109900,5,PChome|momo|欣亞|原價屋|Yahoo購物中心,各通路同月可下單新品的月中位數
2026-05,RTX 5090,108900,5,PChome|momo|欣亞|原價屋|Yahoo購物中心,各通路同月可下單新品的月中位數
2026-06,RTX 5090,106900,5,PChome|momo|欣亞|原價屋|Yahoo購物中心,各通路同月可下單新品的月中位數
2026-07,RTX 5090,105900,5,PChome|momo|欣亞|原價屋|Yahoo購物中心,各通路同月可下單新品的月中位數
2026-08,RTX 5090,112900,5,PChome|momo|欣亞|原價屋|Yahoo購物中心,各通路同月可下單新品的月中位數
2026-09,RTX 5090,116900,5,PChome|momo|欣亞|原價屋|Yahoo購物中心,各通路同月可下單新品的月中位數
2026-04,RTX 5080,42990,5,PChome|momo|欣亞|原價屋|Yahoo購物中心,各通路同月可下單新品的月中位數
2026-05,RTX 5080,41990,5,PChome|momo|欣亞|原價屋|Yahoo購物中心,各通路同月可下單新品的月中位數
2026-06,RTX 5080,41990,5,PChome|momo|欣亞|原價屋|Yahoo購物中心,各通路同月可下單新品的月中位數
2026-07,RTX 5080,42990,5,PChome|momo|欣亞|原價屋|Yahoo購物中心,各通路同月可下單新品的月中位數
2026-08,RTX 5080,44990,5,PChome|momo|欣亞|原價屋|Yahoo購物中心,各通路同月可下單新品的月中位數
2026-09,RTX 5080,45990,5,PChome|momo|欣亞|原價屋|Yahoo購物中心,各通路同月可下單新品的月中位數
2026-04,RTX 5070 Ti,34990,5,PChome|momo|欣亞|原價屋|Yahoo購物中心,各通路同月可下單新品的月中位數
2026-05,RTX 5070 Ti,33990,5,PChome|momo|欣亞|原價屋|Yahoo購物中心,各通路同月可下單新品的月中位數
2026-06,RTX 5070 Ti,33990,5,PChome|momo|欣亞|原價屋|Yahoo購物中心,各通路同月可下單新品的月中位數
2026-07,RTX 5070 Ti,34990,5,PChome|momo|欣亞|原價屋|Yahoo購物中心,各通路同月可下單新品的月中位數
2026-08,RTX 5070 Ti,36990,5,PChome|momo|欣亞|原價屋|Yahoo購物中心,各通路同月可下單新品的月中位數
2026-09,RTX 5070 Ti,37990,5,PChome|momo|欣亞|原價屋|Yahoo購物中心,各通路同月可下單新品的月中位數
2026-04,RTX 5070,22990,5,PChome|momo|欣亞|原價屋|Yahoo購物中心,各通路同月可下單新品的月中位數
2026-05,RTX 5070,21990,5,PChome|momo|欣亞|原價屋|Yahoo購物中心,各通路同月可下單新品的月中位數
2026-06,RTX 5070,21990,5,PChome|momo|欣亞|原價屋|Yahoo購物中心,各通路同月可下單新品的月中位數
2026-07,RTX 5070,22490,5,PChome|momo|欣亞|原價屋|Yahoo購物中心,各通路同月可下單新品的月中位數
2026-08,RTX 5070,23990,5,PChome|momo|欣亞|原價屋|Yahoo購物中心,各通路同月可下單新品的月中位數
2026-09,RTX 5070,24990,5,PChome|momo|欣亞|原價屋|Yahoo購物中心,各通路同月可下單新品的月中位數
2026-04,RTX 5060 Ti 16GB,17990,5,PChome|momo|欣亞|原價屋|Yahoo購物中心,各通路同月可下單新品的月中位數
2026-05,RTX 5060 Ti 16GB,17490,5,PChome|momo|欣亞|原價屋|Yahoo購物中心,各通路同月可下單新品的月中位數
2026-06,RTX 5060 Ti 16GB,16990,5,PChome|momo|欣亞|原價屋|Yahoo購物中心,各通路同月可下單新品的月中位數
2026-07,RTX 5060 Ti 16GB,17490,5,PChome|momo|欣亞|原價屋|Yahoo購物中心,各通路同月可下單新品的月中位數
2026-08,RTX 5060 Ti 16GB,18990,5,PChome|momo|欣亞|原價屋|Yahoo購物中心,各通路同月可下單新品的月中位數
2026-09,RTX 5060 Ti 16GB,19990,5,PChome|momo|欣亞|原價屋|Yahoo購物中心,各通路同月可下單新品的月中位數
2026-04,RTX 5060 Ti 8GB,14990,5,PChome|momo|欣亞|原價屋|Yahoo購物中心,各通路同月可下單新品的月中位數
2026-05,RTX 5060 Ti 8GB,14490,5,PChome|momo|欣亞|原價屋|Yahoo購物中心,各通路同月可下單新品的月中位數
2026-06,RTX 5060 Ti 8GB,13990,5,PChome|momo|欣亞|原價屋|Yahoo購物中心,各通路同月可下單新品的月中位數
2026-07,RTX 5060 Ti 8GB,14490,5,PChome|momo|欣亞|原價屋|Yahoo購物中心,各通路同月可下單新品的月中位數
2026-08,RTX 5060 Ti 8GB,15490,5,PChome|momo|欣亞|原價屋|Yahoo購物中心,各通路同月可下單新品的月中位數
2026-09,RTX 5060 Ti 8GB,16490,5,PChome|momo|欣亞|原價屋|Yahoo購物中心,各通路同月可下單新品的月中位數
2026-04,RTX 5060,11990,5,PChome|momo|欣亞|原價屋|Yahoo購物中心,各通路同月可下單新品的月中位數
2026-05,RTX 5060,11490,5,PChome|momo|欣亞|原價屋|Yahoo購物中心,各通路同月可下單新品的月中位數
2026-06,RTX 5060,10990,5,PChome|momo|欣亞|原價屋|Yahoo購物中心,各通路同月可下單新品的月中位數
2026-07,RTX 5060,11490,5,PChome|momo|欣亞|原價屋|Yahoo購物中心,各通路同月可下單新品的月中位數
2026-08,RTX 5060,12490,5,PChome|momo|欣亞|原價屋|Yahoo購物中心,各通路同月可下單新品的月中位數
2026-09,RTX 5060,13490,5,PChome|momo|欣亞|原價屋|Yahoo購物中心,各通路同月可下單新品的月中位數
2026-04,RTX 5050,9490,5,PChome|momo|欣亞|原價屋|Yahoo購物中心,各通路同月可下單新品的月中位數
2026-05,RTX 5050,8990,5,PChome|momo|欣亞|原價屋|Yahoo購物中心,各通路同月可下單新品的月中位數
2026-06,RTX 5050,8790,5,PChome|momo|欣亞|原價屋|Yahoo購物中心,各通路同月可下單新品的月中位數
2026-07,RTX 5050,8990,5,PChome|momo|欣亞|原價屋|Yahoo購物中心,各通路同月可下單新品的月中位數
2026-08,RTX 5050,9990,5,PChome|momo|欣亞|原價屋|Yahoo購物中心,各通路同月可下單新品的月中位數
2026-09,RTX 5050,10990,5,PChome|momo|欣亞|原價屋|Yahoo購物中心,各通路同月可下單新品的月中位數
